arquivo,documento_id,n_tokens,n_entidades,qtde_NOUN,qtde_VERB,qtde_ADJ,qtde_PROPN,qtde_PER,qtde_ORG,qtde_LOC,qtde_nsubj,qtde_obj,qtde_amod,qtde_advmod
noticias_4-procedimentos-para-o-encerramento-do-contrato-de-locacao_846702826.txt,1,170,12,57,14,11,10,2,1,1,4,7,7,2
noticias_a-arroba-do-boi-e-os-contrato-agrarios_1100676840.txt,2,385,38,69,40,20,52,6,8,5,13,17,10,14
noticias_a-assinatura-de-testemunhas-e-mesmo-necessaria-em-um-contrato_1946553817.txt,3,294,20,59,17,17,51,5,4,6,9,6,13,6
noticias_a-clausula-moral-nos-contratos_493765163.txt,4,353,18,73,43,19,32,5,1,1,24,16,18,12
noticias_a-extincao-do-contrato_351085497.txt,5,895,57,223,74,47,95,10,4,12,32,28,44,28
noticias_a-importancia-do-advogado-na-realizacao-de-contratos_737403441.txt,6,141,3,34,16,10,4,0,0,0,4,8,7,7
noticias_a-importancia-do-contrato-na-prestacao-de-servicos_1191257260.txt,7,245,13,53,23,8,22,4,1,2,9,12,10,13
noticias_a-importancia-do-contrato-social-bem-estruturado-para-o-sucesso-do-seu-negocio_1348064047.txt,8,692,4,173,90,57,4,0,0,1,36,47,48,29
noticias_a-liberdade-de-escolha-da-lei-em-contratos-internacionais_449437411.txt,9,1045,29,243,115,79,35,9,1,4,47,50,69,45
noticias_a-morte-do-contrato-de-casamento_100699472.txt,10,1222,24,288,115,100,38,3,3,7,76,53,84,71
noticias_a-morte-do-contrato-de-casamento_123883631.txt,11,1228,22,289,115,99,38,3,3,7,76,54,85,71
noticias_a-pandemia-do-coronavirus-e-o-reflexo-nos-contratos-civis-e-empresariais_823317308.txt,12,688,16,151,87,52,27,3,0,4,25,37,43,18
noticias_a-posse-ius-possidendi-e-o-contrato-de-locacao_917951687.txt,13,201,4,53,18,12,6,0,0,0,8,11,13,6
noticias_a-rescisao-do-contrato-de-representacao-comercial-quando-a-indenizacao-e-devida_874019272.txt,14,669,73,122,35,44,144,11,9,23,21,11,43,7
noticias_a-suspensao-do-contrato-de-trabalho-afeta-o-valor-do-13-salario_940199133.txt,15,224,3,51,25,12,3,0,0,0,12,12,7,11
noticias_abusividade-de-taxas-de-juros-aplicadas-por-banco-em-contrato-de-financiamento_2169537220.txt,16,200,8,51,24,9,18,0,1,4,10,8,5,4
noticias_abusos-na-rescisao-do-contrato_231636930.txt,17,749,21,187,75,30,32,2,5,6,40,36,19,25
noticias_acao-de-reintegracao-de-posse-em-contrato-de_392127626.txt,18,124,4,41,8,6,5,1,0,0,6,4,4,4
noticias_acao-por-descumprimento-de-contrato-de-seguro-prescreve-em-um-ano_1335561834.txt,19,783,26,181,57,59,71,7,6,4,31,28,50,14
noticias_acao-revisional-de-contrato_213513673.txt,20,2107,94,527,181,120,155,8,24,20,59,63,100,68
noticias_acordo-extrajudicial-para-rescisao-do-contrato-de-trabalho_872384791.txt,21,1019,65,218,84,73,118,12,10,10,25,35,65,36
noticias_adiada-a-entrada-em-vigor-na-nova-lei-de-licitacoes-e-contratos-administrativos_1802166060.txt,22,272,21,51,20,13,46,0,2,8,9,6,14,4
noticias_advocacia-digital-e-fechamento-de-contratos-online_705056477.txt,23,206,13,48,17,12,27,2,1,0,7,8,13,4
noticias_advogado-faz-contrato-de-ficante-com-clausula-que-proibe-traicao_1991457386.txt,24,457,9,113,54,31,12,0,1,2,27,26,25,21
noticias_advogados-esclarecem-duvidas-sobre-o-contrato-intermitente-de-trabalho_1576778012.txt,25,863,21,216,73,60,38,6,3,3,42,28,49,30
noticias_afastada-terceirizacao-em-contrato-de-transporte-de-mercadoria_1183564338.txt,26,230,6,62,26,12,8,0,2,1,13,11,10,8
noticias_alguns-criterios-para-aditar-o-contrato-de-locacao_2085646558.txt,27,305,19,76,11,53,24,5,1,1,8,4,9,6
noticias_alteracao-de-proprietario-no-contrato-de-locacao_1725704939.txt,28,331,27,68,15,62,40,6,3,2,6,5,15,9
noticias_alteracoes-no-contrato-de-comissao_1989560109.txt,29,755,16,171,75,37,44,0,2,0,36,26,27,21
noticias_aluguel-principais-duvidas-sobre-a-resolucao-do-contrato-locaticio_818091975.txt,30,114,3,28,11,3,14,1,0,0,4,4,2,3
noticias_ampliacao-dos-contratos-de-trabalho-pela-mp-936-20_916487348.txt,31,222,17,46,18,8,41,1,2,6,7,5,10,13
noticias_ao-emprestar-um-imovel-e-necessario-um-contrato_655896582.txt,32,260,11,62,28,11,15,2,0,5,14,17,10,6
noticias_aprovada-prorrogacao-de-contratos-temporarios-no-iphan_722787586.txt,33,315,22,70,28,18,38,2,4,5,16,10,17,6
noticias_arbitragem-da-lei9307-96-cabivel-em-todos-os-contratos-trabalhistas_1586621599.txt,34,656,19,153,41,50,42,4,6,0,25,17,43,25
noticias_arbitragem-em-contratos-de-previdencia-privada_830984476.txt,35,898,28,198,86,91,35,3,11,8,44,44,73,38
noticias_arbitragem-em-contratos-de-previdencia-privada_830984799.txt,36,898,28,197,85,91,37,3,11,8,44,45,73,38
noticias_arrendamento-sem-contrato-nao-e-valido_622999842.txt,37,674,22,162,82,38,26,2,4,9,34,32,31,24
noticias_as-dificuldades-presentes-em-um-contrato-de-gaveta_361093395.txt,38,1383,46,330,125,92,65,13,10,10,53,48,78,45
noticias_as-obrigacoes-do-fiador-no-contrato-de-locacao_112341058.txt,39,2066,55,510,217,104,83,10,6,13,102,89,78,79
noticias_assessoria-juridica-em-contratos-de-compra-e-venda-de-imovel_702380339.txt,40,489,5,131,45,36,6,1,0,1,30,20,25,18
noticias_atendimento-ao-cliente-na-advocacia-como-fechar-mais-contratos_693752044.txt,41,2660,38,474,402,102,53,9,4,10,222,229,61,165
noticias_autonomia-da-vontade-contrato-x-lei_797412808.txt,42,616,14,137,77,56,23,2,1,2,35,46,44,21
noticias_aviso-previo-no-contrato-de-experiencia_850588125.txt,43,207,9,43,23,11,15,0,0,1,6,9,6,6
noticias_banco-e-condenado-a-readequar-taxa-de-juros-abusivos-em-contrato_1680041470.txt,44,354,16,72,32,16,45,4,4,4,7,17,13,11
noticias_banco-e-condenado-por-assinatura-falsa-em-contrato-de-emprestimo_1506848030.txt,45,460,11,116,49,32,20,2,2,0,23,20,20,19
noticias_banco-sera-ressarcido-por-golpe-em-contratos-de-financiamento_1538539211.txt,46,307,8,85,27,20,16,1,0,1,12,11,18,8
noticias_busca-e-apreensao-no-no-contrato-de-alienacao-fiduciaria_850062588.txt,47,356,7,87,41,14,12,0,2,3,19,19,7,10
noticias_cajufa-divulga-relatorio-sobre-recomposic_1ecae62643.txt,48,294,24,65,29,19,57,11,3,5,12,11,20,4
noticias_cancelamento-de-contrato-via-telefone_586681326.txt,49,165,7,35,19,8,15,0,1,1,9,8,5,11
noticias_cancelamento-de-contratos-pela-internet_417089190.txt,50,255,8,62,25,12,19,2,0,1,9,14,10,8
noticias_cancelamento-do-contrato-sem-notificacao-e-ilegal_582408324.txt,51,291,9,76,37,12,17,1,0,3,16,19,10,10
noticias_cdc-nao-se-aplica-a-contratos-de-emprestimo-para-capital-de-giro_1764074391.txt,52,586,28,146,53,43,41,4,13,6,28,25,33,13
noticias_cdc-nao-se-aplica-aos-contratos-de-locacao_440875769.txt,53,265,13,68,23,23,18,0,5,2,9,13,23,8
noticias_ciclo-de-palestras-expert-em-contratos_593901177.txt,54,424,19,100,47,27,35,4,3,3,12,21,23,10
noticias_ciclo-de-palestras-expert-em-contratos_594555487.txt,55,477,19,113,54,28,34,0,4,1,13,26,25,13
noticias_clausula-arbitral-em-contratos-com-construtoras_927578051.txt,56,762,27,163,100,39,49,1,10,7,37,58,33,25
noticias_clausula-arbitral-em-contratos-com-construtoras_927578148.txt,57,762,27,164,100,40,47,1,10,7,37,58,33,25
noticias_clausula-compromissoria-nos-contratos-individuais-de-trabalho_766868254.txt,58,714,31,157,65,55,56,1,4,7,24,24,50,18
noticias_clausula-de-nao-concorrencia-em-contratos-de-franquia-empresarial_882551305.txt,59,419,19,89,41,25,31,0,4,9,19,19,21,15
noticias_clausula-de-renuncia-as-benfeitorias-em-c_edba799bd6.txt,60,710,19,184,94,30,28,3,7,4,32,40,24,23
noticias_clausula-penal-abusiva-de-contrato_608920207.txt,61,300,14,66,33,26,30,2,0,4,12,13,24,8
noticias_clausula-penal-em-contrato-de-honorarios_432340266.txt,62,587,67,108,21,24,156,5,16,17,11,8,15,11
noticias_clausulas-abusivas-em-contratos-bancarios_619690801.txt,63,650,13,149,85,38,12,1,5,1,36,48,33,20
noticias_cliente-que-pagou-juros-acima-do-firmado-em-contrato-sera-restituido_1862291061.txt,64,329,9,88,35,18,12,2,0,4,14,19,14,17
noticias_clt-entenda-o-contrato-de-trabalho-multifuncional_417295994.txt,65,443,34,94,27,35,81,2,3,6,12,15,34,8
noticias_comercializacao-de-seguro-garantia-para-c_bba59e71a7.txt,66,120,7,34,10,5,15,0,1,0,6,5,5,3
noticias_como-a-pandemia-afeta-os-contratos-de-locacao-comercial_850333429.txt,67,606,12,142,66,42,17,6,0,1,34,26,30,24
noticias_como-cancelar-a-suspensao-e-reativar-o-contrato-de-trabalho_848946595.txt,68,266,9,68,27,14,18,2,1,2,9,11,9,9
noticias_como-fazer-um-bom-contrato-de-compra-e-venda-de-imovel_1357467722.txt,69,1221,13,335,142,77,18,3,2,4,39,74,54,29
noticias_como-fazer-um-contrato-com-influenciadores-digitais_1243509588.txt,70,1217,32,278,144,71,68,4,6,1,60,60,51,43
noticias_como-fica-os-contratos-durante-o-periodo-do-coronavirus_829327920.txt,71,914,32,223,103,54,51,4,4,9,40,54,45,29
noticias_como-ficam-os-contratos-e-a-concorrencia-na-epidemia-do-coronavirus_830484682.txt,72,135,12,24,15,6,22,1,1,3,6,7,4,6
noticias_como-ficam-os-contratos-pos-pandemia_860986363.txt,73,292,6,71,28,25,9,1,0,2,14,10,20,20
noticias_como-renegociar-o-contrato-de-locacao_884829786.txt,74,498,5,119,64,34,10,0,0,1,20,29,25,11
noticias_como-revisar-juros-de-financiamento-mesmo-ja-assinado-o-contrato_936850653.txt,75,261,7,58,31,12,16,1,0,1,17,13,4,12
noticias_confira-as-vantagens-do-contrato-por-experiencia_405537060.txt,76,926,40,218,78,57,75,5,9,10,39,41,54,24
noticias_confirmada-decisao-que-negou-estabilidade-a-gestante-em-contrato-temporario_1388683296.txt,77,379,21,87,29,29,39,2,4,7,17,11,21,8
noticias_confirmada-decisao-que-negou-estabilidade-a-gestante-em-contrato-temporario_1644312100.txt,78,374,18,87,28,28,38,2,2,7,16,12,22,8
noticias_conhecimento-sempre-fara-a-diferenca-em-contratos-bancarios_724212651.txt,79,275,6,61,28,18,10,1,1,0,16,14,17,20
noticias_consequencias-da-descaracterizacao-do-contrato-de-estagio_1109789656.txt,80,355,12,87,31,28,23,1,2,2,9,11,23,12
noticias_consideracoes-sobre-contrato-de-namoro_1483671700.txt,81,62,4,14,8,3,2,0,0,1,2,2,2,5
noticias_contatos-para-contratos_386005618.txt,82,336,8,76,35,27,10,0,2,0,13,17,24,19
noticias_contrato-administrativo-e-subcontratacao_370410671.txt,83,156,11,36,14,15,17,1,2,3,5,5,13,7
noticias_contrato-barter-portal-noticias-agricolas_1117694415.txt,84,26,4,5,3,0,8,0,1,0,1,1,0,2
noticias_contrato-celebrado-com-instituicao-de-pre_087f9eceb9.txt,85,437,15,108,44,32,26,2,1,5,18,14,26,17
noticias_contrato-celebrado-com-instituicao-de-pre_0df1adc2a3.txt,86,440,15,108,44,33,28,2,1,6,17,14,27,17
noticias_contrato-celebrado-com-instituicao-de-pre_3a5dbdb0db.txt,87,440,15,109,44,33,27,2,1,6,18,14,26,17
noticias_contrato-celebrado-com-instituicao-de-pre_6ba019320f.txt,88,437,14,108,44,32,27,2,1,5,18,14,26,17
noticias_contrato-com-influenciadores-digitais-o-que-deve-ser-observado_1158839349.txt,89,572,13,126,78,32,17,2,2,1,32,34,19,22
noticias_contrato-com-prazo-determinado-e-fgts_215378630.txt,90,438,40,110,34,24,67,8,8,1,13,15,19,6
noticias_contrato-de-adesao-clausula-arbitral-em-c_d2fa46bca6.txt,91,521,14,145,52,27,16,5,1,4,24,28,18,24
noticias_contrato-de-adesao-para-compra-de-imovel_853307477.txt,92,274,8,77,23,7,16,2,1,2,8,7,8,7
noticias_contrato-de-allowance_886961146.txt,93,125,7,27,7,4,18,1,1,1,6,3,3,3
noticias_contrato-de-arrendamento-rural_823336559.txt,94,153,16,30,4,9,38,3,2,3,1,1,6,0
noticias_contrato-de-arrendamento-rural_825101860.txt,95,333,9,94,33,23,8,0,0,3,17,18,17,10
noticias_contrato-de-cambio_790667322.txt,96,347,15,81,34,20,36,0,5,4,10,16,15,6
noticias_contrato-de-cartao-de-credito-consignado_680195888.txt,97,503,9,128,65,25,18,0,2,3,27,27,19,27
noticias_contrato-de-cessao-de-posse-x-contrato-de-promessa-de-compra-e-venda_921664938.txt,98,458,10,118,37,24,18,1,0,2,17,18,21,18
noticias_contrato-de-comissao-empresarial_657513253.txt,99,56,3,11,5,1,15,1,0,0,3,2,1,0
noticias_contrato-de-compra-de-imovel-sem-registro-na-matricula-e-regido-pelo-cdc_1851011756.txt,100,462,16,120,46,14,25,4,3,3,18,14,13,10
noticias_contrato-de-compra-e-venda-escritura-e-registro-de-imovel_1387128391.txt,101,1199,35,298,125,67,35,21,0,5,49,60,59,22
noticias_contrato-de-corretagem-pode-condicionar-p_a8713568a9.txt,102,726,14,183,73,44,18,3,1,5,31,31,36,17
noticias_contrato-de-corretagem-pode-condicionar-p_b1343c3cc1.txt,103,726,16,183,73,44,19,3,1,6,31,31,36,17
noticias_contrato-de-corretagem-pode-condicionar-p_d5df0c779f.txt,104,864,17,193,76,46,129,3,1,6,32,34,37,123
noticias_contrato-de-empreitada-mais-uma-excecao-a_f7831f2e33.txt,105,219,5,59,14,13,11,0,1,1,7,3,11,8
noticias_contrato-de-estagio_147934727.txt,106,165,9,39,12,12,13,0,2,0,6,3,6,7
noticias_contrato-de-experiencia-apos-dispensa-da-mesma-funcao-e-considerado-fraude_1212074135.txt,107,528,19,127,51,23,36,3,3,9,27,27,15,20
noticias_contrato-de-experiencia-fraude-gera-a-indeterminacao-do-contrato_2949596.txt,108,407,40,85,30,28,80,6,2,18,9,11,23,6
noticias_contrato-de-experiencia_113731886.txt,109,354,11,97,33,18,18,4,1,0,18,17,19,13
noticias_contrato-de-factoring_668920258.txt,110,177,10,43,19,6,17,1,0,5,7,10,4,5
noticias_contrato-de-factoring_872999751.txt,111,171,3,47,18,11,5,0,0,0,7,8,9,8
noticias_contrato-de-financiamento-de-veiculo_1247177773.txt,112,419,9,112,57,18,13,1,1,2,21,29,15,14
noticias_contrato-de-franquia-nao-assinado-e-valido-entende-stj_1776320640.txt,113,389,17,106,39,23,31,4,4,3,17,21,16,12
noticias_contrato-de-gaveta-de-compra-e-venda-de-imovel-quais-sao-os-meus-direitos_1153153992.txt,114,399,11,94,38,21,16,0,0,7,27,21,17,21
noticias_contrato-de-gaveta-e-acoes-revisionais_409591100.txt,115,413,15,99,41,20,28,3,4,3,22,24,18,15
noticias_contrato-de-gaveta-quais-sao-os-riscos_1404986448.txt,116,230,8,52,23,11,33,0,2,2,11,11,8,13
noticias_contrato-de-gaveta-tem-validade_1130196269.txt,117,286,15,75,18,36,20,5,0,2,11,7,9,8
noticias_contrato-de-gaveta_342190225.txt,118,535,29,127,51,29,35,4,5,4,20,26,23,21
noticias_contrato-de-gaveta_813835010.txt,119,163,4,37,21,8,7,0,0,1,7,7,4,10
noticias_contrato-de-gaveta_932969772.txt,120,55,6,12,5,1,8,3,0,0,4,1,0,3
noticias_contrato-de-honorarios-precisa-de-testemunhas_1234308037.txt,121,67,3,17,7,1,3,0,0,0,5,5,0,4
noticias_contrato-de-joint-venture_816284682.txt,122,91,5,25,6,7,12,1,0,1,5,4,9,0
noticias_contrato-de-locacao-ausencia-dos-copropri_3e28e5b118.txt,123,304,18,63,23,20,26,3,1,6,7,12,13,7
noticias_contrato-de-locacao-caucao-bem-de-familia-impenhorabilidade_1168662574.txt,124,141,9,34,8,5,17,2,0,4,3,2,4,5
noticias_contrato-de-locacao-de-imovel-comercial_650001428.txt,125,1339,48,296,110,177,61,2,9,9,35,42,71,29
noticias_contrato-de-locacao-de-imovel-pode-ser-rescindido-por-e-mail_2184199375.txt,126,277,10,61,33,10,16,2,0,2,13,9,10,11
noticias_contrato-de-locacao-pop-up_891371004.txt,127,165,3,49,12,12,11,0,0,0,6,5,12,5
noticias_contrato-de-locacao-residencial-qual-tipo-de-contrato-protege-mais-o-locatario_917372683.txt,128,608,13,156,60,26,42,0,0,1,21,17,19,15
noticias_contrato-de-locacao-revisao-de-aluguel-de_e2b94adf46.txt,129,361,13,101,39,25,18,1,1,5,14,15,22,16
noticias_contrato-de-locacao-sem-garantia_1177475402.txt,130,794,9,222,89,40,10,1,1,2,46,37,29,35
noticias_contrato-de-locacao_1681044405.txt,131,167,8,49,13,2,8,0,0,2,5,5,1,6
noticias_contrato-de-locacao_2918715.txt,132,137,9,41,13,3,14,0,2,4,6,5,4,4
noticias_contrato-de-locacao_780938563.txt,133,173,8,34,25,9,7,0,1,1,12,9,5,11
noticias_contrato-de-marketing-digital-qual-a-importancia-do-contrato-para-o-seu-negocio_1164677214.txt,134,748,15,202,77,45,26,3,2,0,33,40,28,20
noticias_contrato-de-medica-nao-concursada-e-nulo_487811715.txt,135,448,17,105,50,38,34,4,1,7,19,28,33,21
noticias_contrato-de-namoro-e-necessario_860639681.txt,136,147,3,40,12,13,3,0,0,0,9,6,10,7
noticias_contrato-de-namoro_121001404.txt,137,397,6,98,37,34,8,1,0,2,21,17,30,20
noticias_contrato-de-namoro_1684999737.txt,138,379,4,93,44,27,3,0,0,0,26,16,22,20
noticias_contrato-de-namoro_348177781.txt,139,574,15,152,73,33,23,3,2,4,29,32,27,20
noticias_contrato-de-namoro_860610709.txt,140,149,14,38,11,11,15,3,1,2,2,3,5,1
noticias_contrato-de-namoro_918644188.txt,141,228,4,52,30,19,1,0,0,1,15,15,13,12
noticias_contrato-de-parceria-intelectual-entre-advogados-e-de-natureza-civil_630466655.txt,142,984,41,245,86,61,65,4,21,10,41,37,54,23
noticias_contrato-de-parceria-rural_818053194.txt,143,291,6,73,25,19,8,0,0,0,8,14,13,12
noticias_contrato-de-parceria-rural_820343156.txt,144,219,3,61,16,20,7,0,0,0,10,8,18,3
noticias_contrato-de-permuta-e-desocupacao-do-imovel_196962336.txt,145,401,11,92,48,11,22,2,2,4,20,26,9,10
noticias_contrato-de-prestacao-de-servicos-e-multa-rescisoria_1444443954.txt,146,872,12,219,118,67,23,2,2,2,43,54,50,17
noticias_contrato-de-prestacao-de-servicos-entre-empreendedor-e-um-social-media_1237353719.txt,147,831,19,193,94,53,43,6,2,0,43,41,38,32
noticias_contrato-de-representacao-comercial_848807930.txt,148,234,3,46,31,20,5,0,0,0,9,6,14,6
noticias_contrato-de-seguro-e-suicidio-do-segurado_263962773.txt,149,343,18,74,42,16,26,3,0,6,18,14,14,17
noticias_contrato-de-servicos-advocaticios-e-protegido-pelo-sigilo-profissional_1288553972.txt,150,733,31,171,69,42,55,6,6,7,39,31,33,20
noticias_contrato-de-social-media-tudo-o-que-voce-precisa-saber_1435908555.txt,151,608,15,146,71,32,44,2,2,0,28,30,25,19
noticias_contrato-de-trabalho-e-efeitos-pandemicos_851341045.txt,152,417,6,107,49,25,8,0,0,0,15,13,21,13
noticias_contrato-de-trabalho-intermitente_819802179.txt,153,319,10,73,34,26,21,0,1,2,13,13,18,11
noticias_contrato-de-trabalho-suspenso-sem-remuneracao_836651634.txt,154,75,4,16,10,1,6,0,1,0,2,1,0,2
noticias_contrato-de-trabalho-temporario-ou-contrato-de-trabalho-intermitente_2059540566.txt,155,1320,31,338,119,103,40,5,6,6,52,47,88,42
noticias_contrato-de-trabalho-temporario_1151901993.txt,156,409,5,113,43,36,7,0,0,0,13,17,33,12
noticias_contrato-de-trabalho-verde-e-amarelo-mp-905_779843319.txt,157,352,15,84,23,18,24,1,2,1,12,9,15,10
noticias_contrato-de-trabalho-verde-e-amarelo_779856682.txt,158,2404,72,599,194,156,165,2,15,15,52,72,137,65
noticias_contrato-de-trabalho-verde-e-amarelo_789200910.txt,159,329,13,69,38,26,12,3,1,2,11,14,22,17
noticias_contrato-de-trabalho-verde-e-amarelo_789201099.txt,160,329,13,68,38,26,13,3,1,2,11,14,21,17
noticias_contrato-de-trabalho-verde-e-amarelo_795756984.txt,161,445,11,106,45,45,19,0,1,1,12,18,32,13
noticias_contrato-de-uniao-estavel_1486984463.txt,162,367,17,88,37,18,26,1,2,1,18,21,15,18
noticias_contrato-de-vesting-o-melhor-para-sua-startup_820427885.txt,163,1522,13,378,166,65,24,7,0,1,82,77,55,62
noticias_contrato-eletronico-e-tituloexecutivo-extrajudicial_611864465.txt,164,365,15,71,39,43,22,2,0,4,12,14,35,16
noticias_contrato-firmado-por-pessoa-analfabeta-independe-de-escritura-publica_1400757238.txt,165,491,17,113,67,40,31,4,3,5,23,25,28,14
noticias_contrato-intermitente_586681268.txt,166,405,13,97,44,20,16,1,2,4,20,19,11,27
noticias_contrato-internacional_616820719.txt,167,1006,48,211,85,93,103,1,21,5,46,41,78,19
noticias_contrato-legal-quais-as-obrigacoes-dos-co_a2b2eade8f.txt,168,691,20,165,79,35,42,7,2,2,27,34,31,27
noticias_contrato-nulo_722157041.txt,169,112,14,28,9,5,17,1,0,4,3,2,4,2
noticias_contrato-por-safra_1139744826.txt,170,344,4,89,46,24,7,0,0,0,15,20,18,10
noticias_contrato-por-whatsapp-segue-regra-de-arre_e5bd433c8f.txt,171,512,16,128,51,12,32,2,5,2,24,16,11,19
noticias_contrato-preliminar-nao-pode-ter-eficacia-maior-que-o-definitivo_2172139896.txt,172,435,13,93,51,46,21,3,2,4,23,22,37,17
noticias_contrato-publico-ou-contrato-particular-eis-a-questao_100047661.txt,173,601,17,142,55,46,31,2,4,4,22,20,39,25
noticias_contrato-se-encerra-no-feriado_1276270482.txt,174,67,4,16,10,2,3,0,0,0,8,1,1,3
noticias_contrato-social-responsabilidade-dos-socios_807734665.txt,175,1009,19,243,105,61,46,1,1,5,50,54,50,24
noticias_contrato-social_741047356.txt,176,293,6,65,40,18,8,1,0,1,14,19,11,9
noticias_contrato-temporario-de-emprego-entenda-como-funciona_416798510.txt,177,543,17,133,54,44,27,5,3,5,21,24,40,14
noticias_contrato-temporario-e-contrato-por-prazo-determinado-quando-formaliza-los_100051609.txt,178,767,7,197,78,64,14,2,0,1,31,29,54,32
noticias_contrato-temporario-x-prazo-determinado_1748072680.txt,179,306,21,66,27,23,44,5,2,3,12,9,21,7
noticias_contratos-a-hora-do-divorcio-nas-franquias_346878349.txt,180,1170,29,274,115,66,71,10,4,5,71,47,48,47
noticias_contratos-antes-de-assinar-voce-ler_556283291.txt,181,235,4,51,31,21,6,0,1,0,10,10,13,11
noticias_contratos-bancarios_1267630407.txt,182,161,9,40,15,8,18,2,0,2,4,8,7,4
noticias_contratos-com-assinatura-eletronica-sao-titulos-executivos_1900110208.txt,183,1050,54,237,98,78,85,5,9,17,25,34,64,34
noticias_contratos-de-atletas-profissionais-curiosidades_1652688684.txt,184,588,18,135,64,41,38,6,5,1,22,31,25,18
noticias_contratos-de-cessao-de-bilheterias-da-itapemirim-sao-considerados-nulos_2827766013.txt,185,202,19,48,11,12,39,5,5,0,6,6,12,0
noticias_contratos-de-factoring_678846648.txt,186,428,13,111,44,19,29,4,2,3,19,18,15,20
noticias_contratos-de-gaveta-no-sfh_238575006.txt,187,978,34,230,93,43,53,7,4,8,35,44,40,28
noticias_contratos-de-locacao-com-prazo-de-30-meses_880373127.txt,188,388,4,100,50,19,3,0,0,0,16,21,14,16
noticias_contratos-de-locacao-comercial_829303634.txt,189,225,6,55,21,17,9,0,0,1,12,6,12,5
noticias_contratos-de-locacao_324565243.txt,190,177,4,51,14,9,5,0,0,0,7,8,6,8
noticias_contratos-de-namoro-tem-se-tornado-mais-populares_1388484517.txt,191,249,6,62,27,17,7,0,0,1,14,12,14,9
noticias_contratos-de-tecnologia_1296653759.txt,192,339,10,81,38,23,17,0,4,2,15,12,15,13
noticias_contratos-de-trabalho-durante-o-estado-de-calamidade-publica_825265650.txt,193,647,17,162,59,52,24,3,0,5,15,26,41,15
noticias_contratos-de-trabalho-e-a-pejotizacao_1387440949.txt,194,272,30,49,11,10,76,6,4,7,7,6,6,0
noticias_contratos-educacionais-e-o-isolamento-social_826609378.txt,195,260,5,68,28,25,9,1,2,0,11,13,20,13
noticias_contratos-em-direito-de-familia_1216216742.txt,196,240,22,43,17,7,57,5,9,3,12,9,4,4
noticias_contratos-em-vigor_578601690.txt,197,358,11,77,33,21,19,0,2,2,11,9,15,24
noticias_contratos-imobiliarios-comerciais-parte-1_673583844.txt,198,256,6,47,38,10,12,1,1,0,7,16,4,12
noticias_contratos-imobiliarios-comerciais-parte-4_674445123.txt,199,319,7,75,42,20,16,1,2,0,17,24,18,15
noticias_contratos-imobiliarios-comerciais-parte-5_674445136.txt,200,391,7,91,40,22,14,1,0,0,15,14,18,14
noticias_contratos-imobiliarios-comerciais-parte-6_676490068.txt,201,443,8,93,53,25,15,1,0,1,25,24,20,21
noticias_contratos-imobiliarios-comerciais-parte7_676490069.txt,202,326,9,67,42,15,14,0,1,1,13,17,10,17
noticias_contratos-imobiliarios-comerciais_674444194.txt,203,429,6,100,56,23,12,0,0,0,15,27,16,22
noticias_contratos-imobiliarios-comerciais_674445116.txt,204,247,4,59,27,15,7,1,0,0,11,9,9,14
noticias_contratos-imobiliarios-tambem-apresentam-abusividades-voce-sabia_697224951.txt,205,184,28,27,3,10,72,5,10,2,3,0,10,2
noticias_contratos-internacionais_797135428.txt,206,109,4,17,12,6,7,1,0,0,7,3,2,5
noticias_contratos-o-centro-dtibr-te-explica-o-que-muda-com-a-crise_1173583980.txt,207,976,67,207,75,51,157,9,11,30,30,34,45,23
noticias_contratos-podem-ser-parados-pelo-stf_1454820627.txt,208,202,13,40,23,10,18,2,3,3,10,9,8,7
noticias_contratos-quebra-de-confianca-dispensa-fo_f1001fed46.txt,209,880,20,218,93,68,35,6,4,3,44,44,62,30
noticias_contratos-serao-barrados-por-decisao-do-stf_1462863164.txt,210,219,9,46,28,18,14,1,2,1,12,18,16,10
noticias_contratos_1633369047.txt,211,177,5,46,20,11,12,1,2,0,8,10,10,6
noticias_contratos_400609173.txt,212,357,8,83,38,28,10,0,3,0,20,18,21,13
noticias_contrato_1502263151.txt,213,245,6,62,30,5,6,0,1,0,6,14,5,8
noticias_cooperativa-devera-restituir-cliente-indu_e7228971ed.txt,214,406,13,99,54,11,24,2,4,4,24,28,8,12
noticias_coronavirus-e-a-imprevisao-dos-contratos_1109190667.txt,215,56,5,14,7,4,5,1,0,0,3,2,3,4
noticias_covid-19-direito-os-contratos-e-mudancas-futuras_831016517.txt,216,872,30,191,84,72,48,6,8,4,37,34,53,25
noticias_covid-19-quarentena-e-o-contrato-educacional_826069372.txt,217,735,16,177,71,48,31,1,1,5,39,31,40,25
noticias_cumprimento-dos-contratos-no-periodo-de-pandemia_828287763.txt,218,704,17,169,95,41,23,0,7,2,35,31,34,25
noticias_cumprimento-integral-do-contrato-de-compr_794a1141ac.txt,219,348,8,93,41,24,10,1,2,2,21,20,21,14
noticias_cumprimento-integral-do-contrato-de-compr_c451482bd5.txt,220,402,14,102,45,24,24,2,4,4,23,21,22,14
noticias_curso-contratos-atipicos_349494565.txt,221,345,20,97,19,16,36,2,2,5,6,11,18,3
noticias_curso-contratos-e-provas-eletronicas_360552129.txt,222,189,18,34,11,11,38,3,3,1,4,6,10,3
noticias_curso-contratos-e-provas-eletronicas_410952262.txt,223,190,18,34,11,10,39,4,3,1,4,6,10,3
noticias_curso-de-contrato-de-honorarios_827056122.txt,224,142,4,23,24,8,10,0,0,0,7,10,7,8
noticias_curso-de-contratos-bancarios-teoria-e-pratica_782419848.txt,225,211,9,57,15,14,19,1,2,3,6,9,11,6
noticias_curso-orienta-sobre-licitacoes-e-contratos_605097425.txt,226,200,22,42,9,8,42,3,5,6,4,6,4,4
noticias_da-ilegalidade-de-vencimento-antecipado-do-contrato_429852640.txt,227,772,50,165,70,39,95,10,14,8,28,36,33,25
noticias_da-necessidade-de-um-bom-contrato-de-aluguel_787848679.txt,228,325,5,71,38,24,5,0,0,1,19,15,14,28
noticias_decisao-stj-fianca-em-contrato-de-locacao_1172336137.txt,229,340,13,79,43,11,25,1,2,1,17,15,12,15
noticias_demissao-com-contrato-suspenso-ou-reduzido-enseja-indenizacao_876587372.txt,230,397,9,117,39,16,12,2,3,1,24,17,13,11
noticias_demissao-com-contrato-suspenso-ou-reduzido-enseja-indenizacao_878055454.txt,231,311,27,66,12,19,64,2,3,7,4,5,13,4
noticias_desconstituicao-da-mora-nos-contratos-bancario_827281657.txt,232,189,40,29,12,9,55,4,2,22,3,3,4,2
noticias_descontos-na-rescisao-do-contrato-de-trabalho_923340644.txt,233,355,9,85,47,11,18,0,2,1,16,20,8,14
noticias_despesas-com-o-contrato-de-compra-e-venda-de-imovel_873563439.txt,234,489,6,125,58,16,13,1,1,0,31,15,12,13
noticias_detalhes-de-um-contrato-no-registro-em-cartorio_305494684.txt,235,1481,27,401,125,99,56,1,1,5,61,52,82,38
noticias_dialogo-e-bom-senso-na-hora-da-renegociacao-de-contratos-de-alugueis_1520479050.txt,236,1216,21,292,139,71,40,4,2,8,58,80,58,36
noticias_dicas-em-contratos-de-aluguel_170813639.txt,237,1235,18,315,169,36,22,0,5,7,75,60,26,44
noticias_diferencas-entre-pacto-antenupcial-uniao-_f472fa7fa0.txt,238,152,7,28,14,8,28,1,0,1,6,5,5,3
noticias_diminua-o-descumprimento-do-seu-contrato_1194070810.txt,239,207,6,47,31,6,14,1,0,1,12,21,4,13
noticias_direito-de-renovar-o-contrato-de-locacao-comercial_520534513.txt,240,556,13,136,62,27,28,1,0,3,22,25,21,22
noticias_direitos-e-deveres-no-contrato-de-locacao_1192153739.txt,241,610,10,185,56,37,12,0,0,1,25,20,24,16
noticias_dirigismo-contratual-se-aplica-aos-contratos-empresariais_1185402287.txt,242,347,12,70,36,30,21,5,0,1,27,18,22,15
noticias_distrito-federal-implementa-sistema-de-gestao-de-contratos_598881387.txt,243,633,27,149,40,46,75,0,8,13,21,22,36,11
noticias_e-admissivel-penhora-de-bem-de-familia-do-fiador-de-contrato-de-locacao_1279922512.txt,244,408,16,103,31,26,33,4,1,4,17,15,18,13
noticias_e-excessiva-a-clausula-penal-de-30-sob-o-valor-do-contrato_1240585773.txt,245,447,48,90,21,15,121,7,6,14,14,6,15,3
noticias_e-ilegal-a-conversao-de-contratos-temporarios-em-contratos-permanentes_144152253.txt,246,338,21,82,31,23,36,4,4,7,15,11,20,5
noticias_e-nula-a-clausula-de-renuncia-de-benfeitorias-no-contrato-agrario_1648103473.txt,247,198,13,49,16,14,21,1,1,0,6,6,11,3
noticias_e-obrigacao-do-plano-de-saude-reativar-contrato-de-beneficiario_1504548753.txt,248,260,11,73,23,14,23,2,4,1,12,13,11,8
noticias_e-possivel-a-revisao-e-alteracao-dos-valores-de-um-contrato-de-financiamento_594007641.txt,249,534,15,137,47,40,22,2,2,1,19,16,31,19
noticias_e-se-a-opcao-for-um-contrato-de-gaveta_360998430.txt,250,417,13,99,41,19,28,3,4,3,23,23,17,15
noticias_e-se-a-opcao-for-um-contrato-de-gaveta_361248727.txt,251,494,23,110,44,20,56,4,7,6,24,24,18,18
noticias_e-se-o-fiador-falecer-durante-a-vigencia-do-contrato_861510714.txt,252,344,5,78,45,10,6,0,1,0,21,24,6,12
noticias_e-sobre-os-contratos-administrativos_244877551.txt,253,220,18,50,14,13,28,5,3,5,14,6,11,6
noticias_e-valida-a-clausula-de-permanencia-nos-contratos-de-trabalho_1219280430.txt,254,460,13,117,44,31,16,0,1,2,20,13,25,13
noticias_elaboracao-e-analise-de-contratos-comerciais_560636966.txt,255,347,25,65,29,18,58,3,8,3,9,17,17,8
noticias_elementos-do-contrato-do-atleta-profissional-de-futebol_1503616338.txt,256,5796,133,1356,491,503,283,15,30,7,192,201,406,142
noticias_empregado-recontratado-pode-ter-contrato-de-experiencia_1133444299.txt,257,89,3,24,13,5,2,0,0,0,7,3,3,5
noticias_empresa-de-emprestimo-consignado-e-invest_81518e2a1b.txt,258,555,19,132,72,30,35,2,6,8,23,26,25,15
noticias_empresa-de-emprestimo-consignado-e-invest_a5a1b9dc98.txt,259,555,19,132,72,30,35,2,6,8,22,26,25,15
noticias_empresa-de-publicidade-sera-indenizada-apos-quebra-de-contrato-de-exclusividade_2827416316.txt,260,398,14,95,41,29,45,4,2,5,21,18,23,9
noticias_empresa-em-recuperacao-pode-celebrar-contratos-de_678275682.txt,261,132,7,33,14,5,15,1,1,0,8,6,5,4
noticias_emprestimo-de-bens-e-a-necessidade-de-um-contrato_1133581603.txt,262,157,13,34,9,8,36,2,3,3,2,5,6,0
noticias_ensaio-o-crime-como-um-contrato_927047203.txt,263,1270,9,316,139,97,5,1,2,3,65,63,81,50
noticias_entenda-a-cobranca-de-multa-na-quebra-de-contrato-de-locacao_922614951.txt,264,55,3,16,8,2,1,0,0,0,3,3,0,3
noticias_entenda-as-regras-do-contrato-de-experiencia_1152254750.txt,265,71,5,17,5,1,11,1,1,0,5,3,0,2
noticias_especialista-em-contratos-avalia-que-negociacao-e-melhor-opcao_1124901899.txt,266,497,17,124,53,27,26,3,1,5,30,18,24,16
noticias_esta-no-contrato-de-experiencia-mas-quer-sair-do-emprego_672674944.txt,267,255,9,56,39,5,8,0,0,1,13,10,3,9
noticias_estabilidade-da-gestante-e-a-suspensao-do-contrato-de-trabalho-durante-a-pandemia_843320699.txt,268,287,7,71,32,12,13,0,0,0,13,13,11,16
noticias_estabilidade-da-gestante-no-contrato-de-trabalho-temporario_783897858.txt,269,141,8,35,12,12,8,0,2,2,5,6,8,7
noticias_estabilidade-do-contrato-de-trabalho-durante-a-pandemia_1150227376.txt,270,1130,24,266,87,72,51,2,2,2,28,30,57,13
noticias_eu-tenho-problemas-com-contratos_362426613.txt,271,207,8,48,21,7,10,0,1,1,10,9,6,11
noticias_evolucao-tecnologica-incide-tambem-sobre-contratos_607105534.txt,272,653,29,153,71,46,55,8,4,8,37,33,40,23
noticias_existencia-de-contrato-de-aluguel-afasta-possibilidade-de-usucapiao-diz-juiza_1880371116.txt,273,466,15,120,53,19,29,2,0,7,18,26,17,14
noticias_existencia-de-contrato-de-aluguel-afasta-possibilidade-de-usucapiao_1871427742.txt,274,531,61,99,35,22,114,14,7,16,17,18,23,9
noticias_exoneracao-de-fianca-em-contrato-de-locacao_261913154.txt,275,451,27,115,32,15,74,3,5,7,12,13,13,14
noticias_extincao-do-contrato-de-trabalho-por-forc_ddeb697dfc.txt,276,1709,60,393,148,134,102,9,11,8,72,69,120,43
noticias_falsificacao-de-assinatura-gera-anulacao-de-contrato_476324012.txt,277,311,12,76,26,23,25,2,2,4,18,14,16,9
noticias_fcvs-pode-quitar-mais-de-um-contrato-do-s_b8a3652e98.txt,278,576,36,133,48,34,64,7,10,5,25,26,30,12
noticias_fez-um-contrato-por-telefone-cancelamento_91ff1c6c6b.txt,279,416,12,104,58,16,14,2,0,6,23,27,10,11
noticias_fiador-e-responsavel-mesmo-com-prorrogacao-de-contrato_112769656.txt,280,366,12,86,32,16,23,5,2,2,20,16,14,17
noticias_fiador-e-responsavel-mesmo-com-prorrogacao-de-contrato_250319469.txt,281,377,13,87,33,16,26,6,2,2,19,18,14,18
noticias_formacao-dos-contratos_478666374.txt,282,653,7,145,84,32,11,0,1,1,32,35,24,33
noticias_foro-eleito-em-contratos-anteriores-nao-p_314c752b89.txt,283,399,21,100,47,19,33,5,4,8,26,20,17,13
noticias_foro-eleito-em-contratos-anteriores-nao-p_a522a8f841.txt,284,403,22,100,47,18,37,5,4,9,26,20,17,13
noticias_franquia-e-contrato-de-adesao-diz-stj_390830193.txt,285,707,29,156,61,39,65,8,2,4,26,30,34,24
noticias_franquias-quando-notificar-sobre-descumprimento-de-contrato_725436733.txt,286,387,7,90,39,28,13,0,2,1,16,12,21,16
noticias_fraude-na-repeticao-do-contrato-de-experiencia-gera-a-indeterminacao-do-contrato_2949322.txt,287,476,15,120,55,23,18,2,4,1,22,20,18,17
noticias_funcao-social-do-contrato-e-tema-do-programa-reflexoes-e-debates_2902168878.txt,288,1089,70,236,77,65,154,24,25,10,39,43,55,15
noticias_garantia-no-contrato-de-velocidade-minima-de-internet_633992925.txt,289,1125,42,247,104,85,71,4,19,5,48,53,74,40
noticias_garantia-provisoria-de-emprego-em-contrato-temporario_856861183.txt,290,248,19,59,25,15,28,1,7,5,8,12,12,3
noticias_garantias-do-contrato-de-locacao_657079666.txt,291,370,10,100,38,16,17,1,0,5,13,14,8,12
noticias_garantias-no-contrato-de-locacao_843973173.txt,292,339,4,99,26,21,3,0,1,0,13,8,15,11
noticias_gerenciamento-digital-de-contratos-ganha-espaco-nas-empresas_934377713.txt,293,473,10,125,43,30,14,1,2,0,21,18,24,20
noticias_gestante-em-contrato-de-experiencia-tem-direito-a-estabilidade-reconhecido_2902170307.txt,294,499,21,125,51,18,34,4,6,5,27,21,14,20
noticias_governo-prorroga-por-mais-dois-meses-a-suspensao-de-contratos_937715175.txt,295,198,11,38,20,4,18,4,1,0,10,9,2,13
noticias_homem-e-condenado-por-estelionato-em-cont_e81d2a0c8c.txt,296,406,19,90,45,20,45,6,6,3,16,27,17,7
noticias_ilegalidade-da-taxa-sati-nos-contratos-imobiliarios_393228153.txt,297,131,7,28,12,7,17,0,2,2,5,5,5,4
noticias_impactos-da-pandemia-nos-contratos-de-locacao_837382195.txt,298,299,7,79,36,19,5,0,1,2,13,19,15,12
noticias_importancia-da-vistoria-e-do-contrato-de-locacao_1263204366.txt,299,585,9,150,72,18,9,2,0,2,28,36,13,22
noticias_incidencia-de-iss-nos-contratos-de-franquia-e-constitucional_871929981.txt,300,583,26,142,54,31,41,2,4,6,23,23,24,12
noticias_indenizacao-em-razao-de-contrato-fradulento_363690105.txt,301,548,11,139,54,36,22,4,1,1,20,22,29,23
noticias_indenizacao-por-alteracao-do-contrato_321548176.txt,302,647,14,145,72,28,28,4,4,2,38,36,21,33
noticias_informativo-de-licitacoes-e-contratos-do-tcu_796631687.txt,303,129,12,29,7,12,22,3,1,4,4,2,8,5
noticias_informativo-de-licitacoes-e-contratos-do-tcu_802909894.txt,304,213,11,53,14,18,22,3,1,2,5,4,14,6
noticias_informativo-de-licitacoes-e-contratos-do-tcu_810656687.txt,305,115,9,26,5,12,16,2,0,2,4,2,8,4
noticias_informativo-de-licitacoes-e-contratos-do-tcu_817524076.txt,306,200,13,51,18,15,29,2,5,2,5,10,13,3
noticias_informativo-de-licitacoes-e-contratos-do-tcu_829283487.txt,307,278,19,64,14,20,40,4,0,5,6,8,14,9
noticias_informativo-de-licitacoes-e-contratos-do-tcu_829283968.txt,308,83,6,21,9,6,11,1,2,0,2,4,4,2
noticias_ingles-juridico-aplicado-aos-contratos_325829673.txt,309,267,32,52,8,14,61,1,1,4,5,5,9,7
noticias_inss-libera-consultar-contratos-de-emprestimo-pelo-meu-inss_1435912202.txt,310,276,16,62,28,16,31,0,4,2,10,15,8,6
noticias_investidor-sera-ressarcido-por-quebra-de-contratos_719124050.txt,311,296,10,81,32,13,27,5,0,1,9,16,11,5
noticias_investidor-sera-ressarcido-por-quebra-de-contratos_719477746.txt,312,86,5,16,12,4,12,0,0,1,4,5,3,2
noticias_iptu-nos-contratos-de-aluguel-locacao-cabe-a-quem-pagar_1188175513.txt,313,181,8,41,16,5,17,1,0,0,15,8,3,9
noticias_iss-e-devido-nos-contratos-de-franquia-stf_854331889.txt,314,343,21,86,19,17,33,1,1,8,10,9,14,8
noticias_jogador-de-futebol-consegue-rescindir-contrato-por-atraso-no-fgts_2827412298.txt,315,490,27,113,48,25,45,8,6,5,21,24,23,14
noticias_juiz-anula-contratos-celebrados-por-banco-em-nome-de-idosa-interditada_2242364781.txt,316,550,20,126,58,20,36,3,3,7,29,18,15,15
noticias_juiz-anula-contratos-celebrados-por-banco-em-nome-de-idosa-interditada_2284784340.txt,317,598,23,136,60,25,46,3,4,6,26,19,19,18
noticias_juiz-considera-emoji-de-joinha-como-assinatura-em-contrato_1893309287.txt,318,284,15,54,34,21,20,5,0,7,20,18,13,16
noticias_juiza-anula-contrato-de-mulher-vitima-do-golpe-da-falsa-portabilidade_2168508424.txt,319,423,14,107,46,22,27,1,4,4,22,21,20,13
noticias_jusbrasil-responde-o-que-fazer-com-contratos-e-negociacoes-durante-a-pandemia_827586966.txt,320,205,11,44,22,5,19,3,2,1,10,13,3,6
noticias_justica-anula-alteracao-de-contrato-social-que-incluiu-menor-incapaz_2158549449.txt,321,360,11,84,35,37,20,1,4,2,20,16,27,7
noticias_justica-condena-banco-e-corretora-por-falsificacao-em-contrato_887511742.txt,322,380,19,75,40,13,59,4,8,4,19,10,12,10
noticias_justica-condena-empresa-especializada-em-_8722be56ed.txt,323,865,18,215,96,32,28,1,2,3,32,47,30,34
noticias_justica-decide-que-treinamento-integra-contrato_565317835.txt,324,292,13,72,22,10,28,1,3,5,9,15,9,10
noticias_justica-diverge-sobre-suspensao-de-contratos-comerciais-em-aeroportos_830643547.txt,325,177,12,42,18,12,17,1,1,7,10,6,9,5
noticias_justica-mantem-rescisao-de-contrato-unilateral-de-imovel_1165674075.txt,326,483,10,134,49,20,20,1,0,4,19,24,19,15
noticias_justica-nega-restabelecimento-de-contrato-entre-aplicativo-e-motorista_1227221200.txt,327,235,15,52,26,9,30,4,1,5,11,12,7,8
noticias_legislacao-sobre-licitacoes-e-contratos-administrativos_628717221.txt,328,346,15,65,27,12,23,0,3,2,4,8,10,6
noticias_licitacoes-a-compatibilidade-entre-o-contrato-social-e-o-objeto-licitado_734670436.txt,329,350,14,81,33,26,32,0,7,3,10,13,26,4
noticias_licitacoes-e-contratos-da-administracao-publica_493761610.txt,330,170,12,33,7,22,37,4,1,2,5,2,11,0
noticias_licitacoes-e-contratos_260782424.txt,331,117,13,21,6,3,23,3,1,1,4,3,3,5
noticias_mantida-condenacao-de-banco-por-irregularidades-em-contratos-de-emprestimo_1365708915.txt,332,428,11,89,52,26,24,2,2,3,17,19,19,21
noticias_mas-voce-concordou-esta-no-contrato_1273923047.txt,333,636,11,109,79,34,16,0,1,1,36,28,24,44
noticias_mesmo-sem-assinar-contrato-pais-sao-responsaveis-por-mensalidades-escolares_1269173103.txt,334,490,11,125,48,27,22,5,0,3,27,21,25,18
noticias_modelo-contrato-de-honorarios-advocaticios_476690235.txt,335,217,21,45,8,20,44,3,5,5,4,1,17,3
noticias_modelo-de-contrato-de-honorarios_789015015.txt,336,1602,59,268,117,170,49,1,22,4,27,40,53,20
noticias_modelo-obrigacao-de-fazer-contrato-nao-re_728f083233.txt,337,200,38,27,6,7,86,2,6,11,6,0,9,1
noticias_mp-927-2020-contrato-de-experiencia_829301498.txt,338,155,5,46,16,9,5,0,0,0,8,6,6,5
noticias_mp-do-contrato-de-trabalho_825281611.txt,339,470,33,96,36,28,62,6,11,5,18,19,22,18
noticias_mp-n-1045-21-que-dispoe-a-reducao-de-jornada-e-suspensao-do-contrato_1199505531.txt,340,1319,45,329,127,58,99,1,9,6,46,46,48,24
noticias_multa-por-fidelidade-nos-contratos-de-telecomunicacoes_554768740.txt,341,129,11,36,4,8,21,2,2,3,2,1,4,4
noticias_multipropriedade-empresa-e-condenada-a-re_7d569098b0.txt,342,509,14,133,54,29,26,3,1,5,19,25,26,16
noticias_namorar-sem-contrato-nao-da_467798303.txt,343,620,30,150,67,37,47,2,8,14,33,29,34,20
noticias_nao-compreender-clausulas-em-contrato-pode-invalidar-contrato_478172136.txt,344,833,13,197,92,47,27,2,0,4,33,38,35,36
noticias_negado-pedido-de-rescisao-de-contrato-entre-proprietario-e-republica-estudantil_2827457848.txt,345,312,20,70,26,20,44,4,4,8,11,10,16,14
noticias_negociando-contratos-em-tempos-de-pandemia-covid-19_845208473.txt,346,1169,24,270,149,79,17,2,1,12,54,75,66,40
noticias_nova-lei-da-licitacao-e-contratos-administrativos_1233932286.txt,347,857,58,159,21,146,139,7,16,10,9,9,73,6
noticias_nova-modalidade-de-contrato-de-trabalho_798132973.txt,348,744,26,185,72,35,56,4,2,6,40,37,31,19
noticias_novidade-nos-contratos-imobiliarios_1351051443.txt,349,160,9,33,12,11,21,1,2,2,5,7,8,6
noticias_novo-marco-legal-para-o-contrato-de-franquia_798539495.txt,350,814,30,195,74,55,65,4,11,4,37,24,51,26
noticias_o-contrato-como-ferramenta-de-compliance_197886309.txt,351,505,8,133,38,36,17,1,0,0,20,16,29,23
noticias_o-contrato-de-experiencia-x-licenca-medica_198801314.txt,352,500,11,138,68,19,13,0,1,2,27,23,19,12
noticias_o-contrato-de-gaveta-e-os-riscos_413645337.txt,353,1382,45,331,125,92,63,13,10,9,53,48,77,45
noticias_o-contrato-de-gaveta-em-negocios-imobiliarios_1630983312.txt,354,576,15,134,70,26,28,1,1,2,35,30,18,20
noticias_o-contrato-de-locacao-no-registro-de-imoveis_305493494.txt,355,1420,25,382,119,94,53,1,1,5,59,48,77,38
noticias_o-contrato-de-locacao_257665162.txt,356,366,13,104,35,12,18,1,1,1,9,14,8,8
noticias_o-contrato-de-namoro-juridico-brasileiro_465048862.txt,357,2278,87,491,212,178,144,16,15,21,75,93,148,77
noticias_o-contrato-de-plano-de-saude-coletivo_945373085.txt,358,313,8,81,21,29,11,0,2,0,9,5,25,14
noticias_o-contrato-de-seguro-d-o_766932865.txt,359,670,62,144,39,39,122,15,10,27,18,21,33,14
noticias_o-contrato-de-subsidio-educacional_494630883.txt,360,343,25,89,31,17,36,3,4,6,14,17,16,9
noticias_o-contrato-de-trabalho-na-reforma-trabalhista_696099045.txt,361,445,13,120,35,31,15,2,1,2,19,20,29,22
noticias_o-corona-virus-e-os-reflexos-nos-contratos-de-consumo_822125713.txt,362,527,22,133,52,15,41,1,3,12,16,26,13,22
noticias_o-coronavirus-e-a-teoria-da-imprevisao-contratos-no-direito-civil_834135900.txt,363,2735,100,581,247,260,159,29,10,29,101,108,174,80
noticias_o-dano-ambiental-como-causa-de-extincao-do-contrato-agrario_1307728961.txt,364,1644,65,360,116,144,90,7,6,13,49,48,115,39
noticias_o-emoji-e-a-confianca-nos-contratos_1917836083.txt,365,651,7,167,56,53,6,0,0,1,36,21,47,25
noticias_o-emprestimo-de-imoveis-e-a-necessidade-de-um-contrato-de-comodato_685065477.txt,366,134,2,45,11,9,4,0,0,0,4,6,8,5
noticias_o-inadimplemento-antecipado-do-contrato_357256093.txt,367,1201,24,295,138,68,48,9,2,4,54,51,66,48
noticias_o-locador-faleceu-o-que-acontece-com-o-contrato-de-locacao_1185656547.txt,368,156,2,44,15,5,2,0,0,0,9,3,2,5
noticias_o-pl-1179-2020-e-a-revisao-dos-contratos_850084562.txt,369,223,9,59,21,18,11,1,0,2,5,8,14,10
noticias_o-problema-do-contrato-de-gaveta_352702465.txt,370,413,14,101,41,19,26,3,4,3,22,24,17,15
noticias_o-que-a-nike-a-puma-e-a-adidas-tem-a-ver-com-a-copa-do-mundo-e-contratos_1758209778.txt,371,593,38,94,51,74,47,9,17,6,27,20,27,30
noticias_o-que-e-clausula-arbitral-e-qual-sua-importancia-nos-contratos-de-franquia_727075479.txt,372,336,8,83,36,18,10,0,1,1,12,10,14,15
noticias_o-que-e-o-contrato-de-locacao-para-temporada_843425149.txt,373,88,2,24,3,5,19,0,0,0,2,0,4,2
noticias_o-que-nao-pode-faltar-em-seu-contrato-de-aluguel_1349822994.txt,374,222,9,48,31,10,9,1,0,1,6,13,6,11
noticias_o-que-significa-boa-fe-e-funcao-social-nos-contratos_553678120.txt,375,201,4,46,30,16,3,0,1,0,14,14,9,6
noticias_o-stj-e-a-clausula-de-limitacao-de-responsabilidade-em-contratos-empresariais_2175951290.txt,376,804,16,194,88,61,24,5,1,4,40,38,47,35
noticias_o-uso-da-arbitragem-nos-contratos-trabalhistas_925994719.txt,377,285,5,69,21,28,11,0,0,1,16,15,20,6
noticias_obra-estrutural-do-imovel-deve-constar-no-contrato_917372108.txt,378,385,3,88,51,24,8,1,0,0,19,22,17,20
noticias_operadora-de-telefonia-e-condenada-por-nao-rescindir-contrato-fraudulento_690218426.txt,379,389,10,105,45,25,13,1,3,2,11,26,23,17
noticias_os-3-niveis-de-dificuldades-dos-contratos-bancarios_705732700.txt,380,272,14,64,26,22,21,2,4,2,8,13,18,7
noticias_os-efeitos-do-contrato-de-namoro_231637916.txt,381,989,10,248,93,69,20,2,3,0,39,43,63,48
noticias_os-reajustes-nos-contratos-de-plano-de-saude_1202663953.txt,382,3064,190,669,228,205,341,54,30,41,81,117,167,81
noticias_os-riscos-do-contrato-de-gaveta-na-aquisicao-de-imoveis_415226661.txt,383,1387,45,333,125,92,63,13,10,9,53,49,78,45
noticias_pagina-de-repetitivos-e-iacs-anotados-inclui-julgados-sobre-contrato-de-seguro_3153456065.txt,384,253,15,64,17,8,40,1,1,1,6,7,9,5
noticias_pandemia-do-coronavirus-teoria-da-imprevisao-e-revisao-de-contratos_830351202.txt,385,2389,100,486,202,194,160,19,10,41,83,87,161,78
noticias_paralisacao-dos-contratos-de-financiamento-habitacional_1235357660.txt,386,99,7,25,7,7,13,1,1,1,5,3,7,1
noticias_periodo-de-treinamento-e-integrado-ao-contrato-de-trabalho_567832237.txt,387,295,13,75,21,10,26,1,3,5,7,15,9,10
noticias_plano-de-saude-e-condenado-por-cancelamento-de-contrato-de-adolescente-com-tea_2869395293.txt,388,440,19,104,46,22,30,1,9,4,19,17,16,15
noticias_por-que-eu-devo-fazer-um-contrato_871182131.txt,389,323,4,56,57,8,5,0,1,1,22,29,5,17
noticias_por-que-fazer-contratos_1467964251.txt,390,408,18,97,30,25,45,2,0,7,14,10,17,7
noticias_por-que-registrar-o-contrato-de-locacao_626137986.txt,391,395,5,107,41,26,5,0,0,1,16,18,22,13
noticias_por-que-um-contrato-bem-elaborado-podera-_6a262f0676.txt,392,352,6,68,47,14,4,0,3,0,23,16,11,22
noticias_por-que-voce-deve-ter-um-contrato-de-corretagem_1181317078.txt,393,1375,24,336,154,38,25,3,9,2,69,69,17,55
noticias_portal-gestao-de-contratos_119998738.txt,394,84,7,19,7,3,10,0,3,0,2,2,1,3
noticias_possibilidade-de-revisao-do-contrato-educacional-em-decorrencia-da-paralisacao_835026015.txt,395,955,17,202,120,68,26,2,4,4,42,55,55,56
noticias_posso-descumprir-um-contrato-em-funcao-da-pandemia_834135941.txt,396,448,3,100,55,27,4,0,1,0,24,16,22,28
noticias_posso-pedir-indenizacao-pelo-ponto-comercial-em-contrato-de-locacao_1444502960.txt,397,307,7,74,39,16,11,0,0,0,17,17,11,13
noticias_prazo-do-contrato-de-locacao_124284695.txt,398,423,7,101,51,17,14,0,0,0,15,20,8,14
noticias_prazo-maximo-para-renovacao-do-contrato-de-locacao-comercial-e-de-cinco-anos_1790114472.txt,399,643,19,155,72,39,34,4,3,3,32,24,36,17
noticias_prazo-prescricional-em-contratos-com-suce_957ac6617c.txt,400,278,9,70,25,19,20,1,2,2,10,5,17,6
noticias_prazos-minimos-para-o-contrato-de-arrendamento-rural_1242720461.txt,401,138,7,36,6,12,10,0,0,0,1,1,12,2
noticias_precisamos-de-um-novo-contrato-social_1176582615.txt,402,152,10,28,18,14,18,0,3,2,9,7,12,6
noticias_principais-duvidas-nos-contratos-imobiliarios_816838750.txt,403,611,14,147,65,33,30,3,0,1,46,22,26,16
noticias_projeto-pratica-em-licitacoes-e-contratos-oferece-diversos-cursos-ead_3263066951.txt,404,183,13,46,11,9,27,0,2,5,5,6,7,3
noticias_projetos-de-lei-querem-regular-contratos-durante-a-pandemia_832999223.txt,405,1454,110,348,74,78,212,26,28,36,21,25,67,20
noticias_prorrogacao-automatica-de-contrato-contrato-vincula-fiador_111988994.txt,406,186,9,47,18,11,14,2,2,0,10,8,12,6
noticias_prorrogacao-da-suspensao-e-reducao-dos-contratos-de-trabalho_874620504.txt,407,550,24,109,40,28,42,2,6,2,17,16,19,16
noticias_quais-as-vantagens-de-efetivar-uma-assinatura-eletronica-de-um-contrato_1375419630.txt,408,579,14,146,65,37,18,1,2,0,20,35,34,26
noticias_quais-os-beneficios-da-averbacao-do-contr_3cee0ae45c.txt,409,506,13,166,45,24,15,1,1,8,14,27,18,23
noticias_quais-os-encargos-geralmente-previstos-nos-contratos-bancarios_433312893.txt,410,1887,64,424,178,121,119,3,10,24,71,71,104,76
noticias_quais-sao-os-meus-direitos-no-contrato-de-compra-e-venda-de-imovel_1233910683.txt,411,307,22,81,20,12,47,3,5,11,12,12,6,10
noticias_quais-sao-os-principais-contratos-para-os-empresarios_1185402226.txt,412,301,15,70,29,17,22,1,2,1,20,10,17,16
noticias_qual-a-diferenca-de-interrupcao-e-suspensao-do-contrato-de-trabalho_1361581394.txt,413,266,23,60,15,12,44,3,5,3,9,6,9,3
noticias_qual-o-prazo-de-prescricao-de-acao-por-descumprimento-de-contrato-de-seguro_1334634382.txt,414,179,9,41,10,11,10,1,1,3,6,5,8,3
noticias_qual-o-prazo-para-executar-um-contrato_1194317724.txt,415,194,2,50,22,8,6,0,0,0,9,15,6,5
noticias_quando-entra-em-vigor-a-nova-lei-de-licitacoes-e-contratos_1299464034.txt,416,477,14,122,40,35,35,2,3,5,16,17,31,7
noticias_quando-extingue-o-contrato-de-seguro_436554711.txt,417,320,11,91,23,24,9,1,1,4,14,13,20,11
noticias_quando-o-beneficio-previdenciario-e-concedido-ha-reflexo-no-contrato-de-trabalho_1392691135.txt,418,210,10,55,22,13,21,0,3,3,8,13,10,6
noticias_reajustamento-de-precos-no-contrato-administrativo_175939094.txt,419,185,13,32,25,5,31,1,4,1,6,15,5,6
noticias_recontratacao-para-a-mesma-funcao-mediante-contrato-de-experiencia-e-nula_1209539854.txt,420,537,22,127,50,23,41,3,4,9,27,28,16,20
noticias_renegociacao-do-contrato-de-aluguel-para-restabelecer-o-equilibrio-financeiro_838542223.txt,421,1022,12,222,131,75,25,1,0,3,48,68,64,33
noticias_renegociacao-dos-contratos-com-o-bndes-e-aprovada_531827505.txt,422,276,20,60,34,8,28,3,8,5,19,19,4,10
noticias_renovacao-de-contrato-com-a-sabesp-e-a-prefeitura-de-salesopolis_595034938.txt,423,323,25,70,30,12,44,5,7,10,16,15,9,6
noticias_renovacao-de-contrato-com-a-sabesp-em-discussao_438263234.txt,424,252,16,60,28,11,22,5,4,4,16,12,9,2
noticias_renovacao-de-contrato-de-locacao-comercial_481084570.txt,425,286,25,69,13,11,43,5,1,6,8,8,9,6
noticias_requisitos-para-a-execucao-do-contrato-de-honorarios-advocaticios_833288172.txt,426,1529,53,340,133,114,97,18,5,9,51,67,93,58
noticias_requisitos-para-a-execucao-do-contrato-de-honorarios-advocaticios_834184105.txt,427,1617,63,352,137,117,126,19,6,12,53,68,94,62
noticias_rescindido-contrato-de-compra-e-venda-em-razao-da-pandemia_2827442285.txt,428,391,23,96,36,19,44,5,4,9,14,13,17,12
noticias_rescisao-contratual-c-c-ressarcimento-contrato-de-empreitada_1242777871.txt,429,1273,23,324,158,51,41,7,1,2,52,63,36,50
noticias_rescisao-de-contrato-administrativo_191596435.txt,430,369,42,74,20,23,83,10,10,11,15,10,17,5
noticias_rescisao-de-contrato-de-imovel-na-planta_363732093.txt,431,232,5,44,35,5,6,2,0,1,10,13,5,17
noticias_rescisao-de-contrato-de-trabalho-entenda-como-funciona_411409311.txt,432,396,10,96,36,20,13,0,7,0,16,11,20,12
noticias_rescisao-de-contrato-nao-depende-de-concordancia-de-construtora_1165258049.txt,433,361,10,102,35,16,15,3,2,1,18,21,15,8
noticias_rescisao-de-contrato-temporario-nao-gera-_19df95c2c9.txt,434,431,24,109,39,22,44,3,2,9,17,14,21,8
noticias_rescisao-de-contrato-temporario-nao-gera-_8c2d81820a.txt,435,446,28,111,41,24,48,5,3,7,18,16,23,8
noticias_rescisao-de-contrato-temporario-nao-gera-_8dac084c22.txt,436,428,27,107,40,22,44,5,4,7,17,14,21,8
noticias_rescisao-de-contratos-com-construtoras_664820465.txt,437,210,4,49,23,14,4,0,0,0,13,12,10,9
noticias_rescisao-do-contrato-de-trabalho_1125247883.txt,438,112,5,32,13,4,4,0,1,1,5,8,4,7
noticias_rescisao-do-contrato-imobiliario-direito-do-comprador-do-imovel-na-planta_809221801.txt,439,345,17,87,29,18,32,1,3,5,9,10,15,2
noticias_rescisao-indireta-descumprimento-das-obrigacoes-do-contrato-de-trabalho_688950076.txt,440,553,9,153,49,40,9,4,0,0,23,28,33,23
noticias_rescisao-indireta-do-contrato-de-trabalho-como-o-empregador-deve-agir_1731343108.txt,441,527,10,117,72,38,16,4,2,1,26,28,28,25
noticias_rescisao-indireta-do-contrato-de-trabalho-o-que-e-quando-ocorre_1676728589.txt,442,369,28,66,30,10,76,4,9,2,16,14,9,5
noticias_rescisao-indireta-do-contrato-de-trabalho_665497869.txt,443,215,7,58,22,9,14,2,0,0,9,14,7,7
noticias_resolucao-resilicao-ou-rescisao-de-contrato_880167709.txt,444,517,7,123,67,45,13,0,1,1,13,19,32,17
noticias_revisao-das-condicoes-de-financiamento-em_3695f51632.txt,445,558,34,130,49,30,57,5,11,11,23,19,28,14
noticias_revisao-de-contrato-de-financiamento-de-imovel-diminui-despesa_1178041326.txt,446,78,6,19,8,1,14,1,1,0,5,5,0,2
noticias_revisao-de-distrato-e-contrato-findo_535192780.txt,447,142,6,36,11,13,6,0,1,1,4,5,7,4
noticias_revisao-dos-contratos_848764651.txt,448,90,4,21,10,5,7,0,1,0,5,2,5,6
noticias_revisionais-contrato_577337350.txt,449,202,29,21,6,3,88,2,4,4,4,4,3,4
noticias_revisional-de-contrato_1152871993.txt,450,751,21,186,59,66,36,2,5,3,29,33,56,22
noticias_revisional-de-dividas-rurais-e-renegociacao-de-contratos-rurais_1442157165.txt,451,670,28,164,74,40,47,3,2,5,24,38,37,25
noticias_saiba-as-diferencas-entre-o-contrato-de-namoro-e-uniao-estavel_1510786183.txt,452,267,12,66,22,24,14,1,3,5,8,17,19,10
noticias_seguradora-e-condenada-por-cancelamento-unilateral-de-contrato_778755507.txt,453,586,9,157,69,33,13,2,0,2,22,26,26,15
noticias_seguradora-e-condenada-por-cancelamento-unilateral-de-contrato_781133179.txt,454,606,10,165,69,36,14,2,1,2,22,26,28,15
noticias_seguro-incendio-nos-contratos-de-locacao-de-quem-e-a-responsabilidade_1494884070.txt,455,272,24,56,19,13,46,4,1,2,12,6,9,5
noticias_seminario-paraibano-abordara-licitacoes-e-contratos_603963946.txt,456,605,38,143,38,48,83,15,4,9,24,27,38,6
noticias_senado-federal-aprova-regulamentacao-de-contratos-durante-a-pandemia_832999161.txt,457,480,29,108,50,23,53,4,1,4,17,26,19,16
noticias_simples-anulacao-de-contrato_648401847.txt,458,1282,69,244,88,210,127,6,19,20,38,46,60,19
noticias_smart-contracts-prometem-desafogar-execucao-de-contratos-na-justica_1235363116.txt,459,754,12,173,88,53,20,2,1,1,38,34,37,33
noticias_sobre-o-contrato-de-comodato_685065481.txt,460,125,3,37,15,7,6,0,0,0,3,8,6,5
noticias_sorteio-direito-civil-volume-3-teoria-ger_247850b307.txt,461,165,15,27,11,5,45,2,3,1,5,4,4,0
noticias_sorteio-direito-civil-volume-3-teoria-ger_8984282bca.txt,462,110,10,19,11,1,25,1,3,1,3,6,2,2
noticias_stf-decide-que-cobranca-de-iss-em-contrato-de-franquia-e-constitucional_893585061.txt,463,338,15,85,40,19,11,0,1,4,18,18,15,11
noticias_stj-contrato-de-honorarios-e-dispensabilidade-de-assinatura-de-testemunhas_833004875.txt,464,286,15,64,20,17,29,2,3,1,9,8,16,7
noticias_stj-define-que-contrato-preliminar-nao-pode-ter-eficacia-maior-que-o-definitivo_2174898048.txt,465,498,16,113,58,48,24,3,5,2,28,23,39,18
noticias_submissao-por-contrato_806915219.txt,466,610,22,113,83,15,35,10,1,2,40,31,11,25
noticias_suspensao-de-contratos-de-trabalho-mp-936-2020_904587197.txt,467,473,24,106,46,21,75,4,6,3,11,17,20,8
noticias_suspensao-de-contratos-de-trabalho_904586301.txt,468,470,22,106,45,21,74,4,6,3,11,17,20,8
noticias_suspensao-de-contratos-na-pandemia_1269232835.txt,469,277,8,62,27,20,15,0,1,3,18,12,16,18
noticias_suspensao-disciplinar-no-contrato-de-trabalho_467449577.txt,470,246,20,62,18,12,29,3,3,2,8,9,9,5
noticias_suspensao-do-contrato-de-trabalho-com-a-mp-936_904260015.txt,471,398,19,94,42,19,43,1,8,4,19,17,16,10
noticias_suspensao-do-contrato-de-trabalho-tudo-o-que-voce-precisa-saber_838148899.txt,472,981,15,215,109,68,35,2,5,3,39,54,35,37
noticias_suspensao-do-contrato-imobiliario_850472459.txt,473,185,6,46,19,12,13,0,2,1,8,11,9,9
noticias_suspensao-temporaria-do-contrato-de-trabalho-mp-936-20_832915225.txt,474,813,31,191,77,51,71,2,0,9,21,29,52,15
noticias_suspensao-x-interrupcao-do-contrato-de-trabalho_840956183.txt,475,208,9,49,24,6,18,1,1,3,11,11,4,14
noticias_tcu-suspendeu-o-contrato-de-permuta-do-crea-sp_1247898849.txt,476,389,25,90,42,17,38,4,7,9,15,17,14,11
noticias_tecnica-de-farmacia-pode-rescindir-contrato-por-receber-menos-que-colegas_2827413102.txt,477,538,20,123,48,37,49,5,4,5,29,29,31,23
noticias_tecnica-de-farmacia-pode-rescindir-contrato-por-receber-menos-que-colegas_2902178838.txt,478,410,16,97,38,28,28,2,3,5,22,24,25,21
noticias_terceira-turma-reconhece-estabilidade-a-gestante-em-contrato-de-aprendizagem_1588861544.txt,479,613,30,129,62,80,62,5,16,1,28,26,24,6
noticias_tjmg-anula-contrato-feito-com-analfabeta_802060123.txt,480,248,19,53,30,19,36,4,5,5,15,15,17,6
noticias_tjsp-reconhece-anulacao-de-contrato-por-o_aa23e97957.txt,481,377,12,90,48,20,15,1,6,0,16,24,13,16
noticias_treinamento-avancado-expert-em-contratos_598804768.txt,482,331,24,87,27,18,32,3,6,2,11,14,16,7
noticias_tribunal-determina-rescisao-de-contrato-de-venda-de-imovel_1329711078.txt,483,462,10,111,55,18,21,3,2,1,22,20,18,15
noticias_tribunal-firma-contrato-com-banco-do-brasil_780938709.txt,484,619,55,113,41,20,122,21,23,4,27,23,16,16
noticias_trt-mg-reconhece-estabilidade-de-gestante-em-contrato-de-safra-de-cafe_3193743840.txt,485,517,25,141,43,24,40,2,7,5,19,18,21,12
noticias_tst-compete-a-justica-comum-julgar-contrato-de-franquia_2191467016.txt,486,529,52,107,38,26,94,5,20,20,17,18,23,9
noticias_tst-reconhece-a-validade-do-contrato-intermitente_754158890.txt,487,271,16,52,25,24,33,1,5,7,10,14,15,9
noticias_tudo-que-voce-precisa-saber-sobre-contrato-de-franquia_507868074.txt,488,253,20,59,10,21,33,2,4,4,5,2,19,7
noticias_vaqueiro-deve-desocupar-casa-cedida-em-comodato-durante-contrato-de-trabalho_2827411029.txt,489,715,21,179,70,35,40,3,2,11,37,31,25,16
noticias_video-contrato-de-coworking-voce-sabe-como-fazer_810727018.txt,490,146,7,31,18,5,7,0,1,1,9,9,3,9
noticias_videoconferencia-gestao-de-contratos_131204383.txt,491,94,7,15,5,4,21,0,3,2,3,1,2,2
noticias_voce-conhece-os-4-tipos-de-contratos-eletronicos_809217334.txt,492,87,5,17,9,8,4,0,0,1,4,4,5,6
noticias_voce-ja-ouviu-falar-em-contrato-de-namoro_1193028164.txt,493,256,4,57,34,13,9,1,0,1,12,12,10,17
noticias_voce-ja-ouviu-falar-em-contrato-de-namoro_623281184.txt,494,380,10,84,38,26,15,3,1,0,18,13,20,17
noticias_voce-sabe-o-que-e-rescisao-indireta-do-contrato-de-trabalho_1134922877.txt,495,130,4,37,14,7,3,0,0,0,9,4,6,4
noticias_voce-sabe-o-que-e-um-contrato-de-permuta_1664432043.txt,496,135,7,39,7,5,9,0,0,2,7,6,5,2
noticias_voce-sabia-que-existe-contrato-de-namoro-entenda_921715438.txt,497,283,7,59,30,27,14,0,0,1,14,10,22,11
noticias_vontade-de-rescindir-contrato-de-aluguel-pode-ser-comunicada-por-e-mail_2181628336.txt,498,491,13,119,69,22,20,4,1,4,32,26,15,12
noticias_workshop-contrato-de-trabalho-verde-e-amarelo_817528628.txt,499,343,33,63,14,16,81,4,8,11,11,13,12,6
noticias_workshop-contratos-de-locacao-imobiliaria_1191922404.txt,500,168,13,34,17,5,28,5,1,1,6,11,4,2
